#Association_op1,Association_op2,AssociationID
'Myron','Bohannon','1'
'Steve','Bohannon','1'
'Dale','Bohannon','1'
'Myron','Bohannon','1'
'Robert','Boruff','2'
'Robert','Boruff','2'
'Robert','Boruff','2'
'Robert','Boruff','2'
'Robert','Boruff','2'
'Robert','Boruff','2'
'Robert','default','2'
'Tom','Folger','3'
'Tom','Folger','3'
'Tom','Folger','3'
'Tom','Folger','3'
'Tom','Folger','3'
'Tom','Folger','3'
'Patricia','Henry','4'
'Patricia','Henry','4'
'Patricia','Henry','4'
'Patricia','Henry','4'
'Patric','Henry','4'
'Patricia','Henry','4'
'Frank','Herby','5'
'Frank','Herby','5'
'Frank','Herby','5'
'Vinita','Justice','6'
'Vinita','Justice1','6'
'Vinita','Justice','6'
'Catherine','Karol','7'
'Catherine','Karol','7'
'Catherine','Karol','7'
'Joe','Kennedy','8'
'Joe','Kennedy','8'
'Joe','Kennedy','8'
'Rajesh','Balasubramania','9'
'Rajes','Balasubramania','9'
'Rajesh','Balasubramania','9'
'Rajesh','Balasubramania','9'
'Rajesh','Balasubramania','9'
'sundarajan','Balasubramania','9'
'sundararajan','Balmania','10'
'sundararajan','Balasubrania','10'
'sundararajan','Bala','10'
'sunarajan','Balu','11'
